target_gene_name,interactor_gene_name,target_ensg_id,interactor_ensg_id,interactor_uniprot_ids,pval,enrichment,interaction_stoichiometry,abundance_stoichiometry,category
PARP1,ACTL6A,ENSG00000143799,ENSG00000136518,O96019;O96019-2;H7C5S0;C9JQT2,5.39164792536005,2.1119663783204,0.00275530447104448,0.191803755966356,other
PARP1,ANAPC7,ENSG00000143799,ENSG00000196510,Q9UJX3-2;Q9UJX3,6.62382407718846,2.42822015001745,0.000336882077289281,0.106466501598596,other
PARP1,ANP32B,ENSG00000143799,ENSG00000136938,Q92688-2;Q92688,3.62589024096015,1.83406040379735,0.00120850895384959,0.261866132137052,other
PARP1,APOBEC3C,ENSG00000143799,ENSG00000244509,Q9NRW3,29.2685408159936,4.90900805096191,0.000162900737247128,0.0571957258587946,other
PARP1,APTX,ENSG00000143799,ENSG00000137074,Q7Z2E3-8;Q7Z2E3-7;Q7Z2E3;A0A0A0MRW7;Q7Z2E3-9;Q7Z2E3-11;Q7Z2E3-4;Q7Z2E3-5;Q7Z2E3-10;C9JZ40;Q7Z2E3-13;Q7Z2E3-3;C9J8U3;F8W6G5;Q7Z2E3-2;Q7Z2E3-6,31.4273131358189,5.85721704219152,0.0109306714167997,0.0195722252938772,other
PARP1,ARID4B,ENSG00000143799,ENSG00000054267,X6RCR8;Q4LE39-3;Q4LE39-2;Q4LE39,8.80765401384483,2.95865249230923,0.000328072895963897,0.0190984541874728,other
PARP1,ATF3,ENSG00000143799,ENSG00000162772,Q5VTZ4;P18847-2;P18847-3;P18847;A0A0A0MRJ2;P18847-4,6.37492290668407,2.5484847030377,0.00277194736547712,0.0188751656633477,other
PARP1,BANF1,ENSG00000143799,ENSG00000175334,O75531,5.18931615620359,2.37508840265069,0.00339352436354338,0.64170876360352,other
PARP1,BAZ1A,ENSG00000143799,ENSG00000198604,Q9NRL2-2;Q9NRL2,29.5756417428793,5.65809999783165,9.52699857229538e-05,0.0254284436185234,other
PARP1,BAZ1B,ENSG00000143799,ENSG00000009954,Q9UIG0-2;Q9UIG0,21.4996542237245,4.77212514679527,0.00216743259872468,0.0669317627827592,other
PARP1,BCL7C,ENSG00000143799,ENSG00000099385,I3L4D5;I3L1Q2;Q8WUZ0;Q8WUZ0-2,4.68853800757102,1.60211247627989,4.04701648966242e-05,0.0102319466814106,other
PARP1,BPTF,ENSG00000143799,ENSG00000171634,F5GXF5;E7ETD6;E9PE19;A0A2R8Y7Q1;Q12830-4;Q12830-2;Q12830;A0A0A0MR81,21.6729395806264,5.20096335860334,0.000147069722564045,0.0178900049469812,other
PARP1,CBX1,ENSG00000143799,ENSG00000108468,B5MD17;J3KS05;P83916;C9JWS9;K7ELA4,8.61579710151616,3.6470901417328,0.00520233966726863,0.261522083291837,other
PARP1,CBX3,ENSG00000143799,ENSG00000122565,Q13185;S4R2Y4;C9JMM0;B8ZZ43,7.80089100311151,2.80752884726388,0.0145289881418503,1.13577939768469,other
PARP1,CBX5,ENSG00000143799,ENSG00000094916,P45973;F8VNY3,8.81786028186094,2.89776940489695,0.00308492001342432,0.236681170220438,other
PARP1,CBX8,ENSG00000143799,ENSG00000141570,Q9HC52;C9J6K3,22.7239912158534,2.87336311481454,0.000150918015879429,0.0313598350387696,other
PARP1,CECR2,ENSG00000143799,ENSG00000099954,B7WPH3;A0A0R4J2E1;A0A087WT21;Q9BXF3-3;Q9BXF3;Q9BXF3-2;H0Y2Z1,15.2544058681995,3.81332510329262,0.00027642036767722,0.00704520799282554,other
PARP1,CETN2,ENSG00000143799,ENSG00000147400,P41208,4.21250500117772,1.64464981839396,0.000545352295185889,0.281242337556191,other
PARP1,CHD1L,ENSG00000143799,ENSG00000131778,Q86WJ1;Q86WJ1-2;Q86WJ1-4;A0A0A0MSH9;A0A0A0MRH8;A0A494C1F7;Q86WJ1-3;Q86WJ1-5;A0A494C1P7;A0A494C179;A0A087WTM4;A0A494C0J6;A0A494C0F0;A0A494C111;A0A494C1H0;A0A1W2PP16;A0A494C0M4,72.6642881315373,9.33991958721759,0.00795409628220906,0.0246966960057419,other
PARP1,CHD4,ENSG00000143799,ENSG00000111642,Q14839-2;Q14839;A0A0C4DGG9;A0A2R8Y521;A0A2R8Y212;F5GWX5;A0A2R8YFD8;A0A2U3TZM0;A0A2R8YFK9;A0A2R8Y5J0;A0A2R8Y425;A0A2R8YER1;A0A2R8Y445;A0A2R8Y8C1;A0A2R8YDJ9;A0A2R8YD40;A0A2R8YDW2;A0A2R8Y5Z7;A0A2R8Y685;A0A2R8Y4X2;A0A2R8Y5M9;A0A2R8Y8B3;A0A2R8Y7I0;A0A2R8YE38;A0A2R8Y7M9;F5H6N4;A0A2R8Y7X1;A0A2R8Y6G9;K7EMY3,14.6263947080917,3.88559980624839,0.00119883508137966,0.271010554223882,other
PARP1,CHD7,ENSG00000143799,ENSG00000171316,Q9P2D1;Q9P2D1-2;Q9P2D1-3,6.76454656895218,2.72871471688798,3.52041328548767e-05,0.00878508852222162,other
PARP1,CHFR,ENSG00000143799,ENSG00000072609,Q96EP1-5;Q96EP1-3;Q96EP1-2;Q96EP1-4;Q96EP1;F5GWH4;A0A096P6K8;F5H375,9.38366887844134,3.17915940298159,0.00470712794123131,0.00146598235534508,other
PARP1,CHRAC1,ENSG00000143799,ENSG00000104472,E5RGS9;Q9NRG0,9.45231417856915,3.23015992727817,0.00129235233266206,0.0267611601240414,other
PARP1,CKAP4,ENSG00000143799,ENSG00000136026,Q07065,3.76838632142821,2.56113608178688,0.000315082170782456,0.157225692419225,other
PARP1,CLPB,ENSG00000143799,ENSG00000162129,Q9H078-2;Q9H078-5;Q9H078-3;Q9H078;A0A2R8Y602;A0A2U3TZY2;H0YGM0;Q9H078-4;A0A2R8YDH5;F5H7A5;A0A2R8Y6R5;F5H392,3.43592567136176,1.93318321665522,0.00377108407967729,0.171668012381519,other
PARP1,CTCF,ENSG00000143799,"",P49711;A0A2R8Y595;A0A2R8YFL0;P49711-2;A0A2R8Y6Z6;A0A2R8Y6C1,7.18574535304839,2.924640368394,0.000303857127486077,0.0314559625319323,other
PARP1,DLX5;DLX2,ENSG00000143799,ENSG00000105880,P56178;Q07687,7.88365122753061,4.32195659167578,0.000511852290244469,0.00538932185869852,other
PARP1,DNTTIP1,ENSG00000143799,ENSG00000101457,H7C1J2;Q9H147;F2Z2A4;H7C1M5,7.03300118766041,2.48900592809235,0.000309121154491554,0.0415030793618758,other
PARP1,DPF2,ENSG00000143799,ENSG00000133884,Q92785;J3KMZ8;Q92785-2,15.5960850263076,3.71800773698699,0.000208794192898823,0.0265547946639536,other
PARP1,DR1,ENSG00000143799,ENSG00000117505,Q01658,9.9382170348929,3.00309557729853,0.00104855408882425,0.144961657732157,other
PARP1,EP400,ENSG00000143799,ENSG00000183495,Q96L91-4;Q96L91-3;Q96L91-5;Q96L91-2;Q96L91;A0A0A0MR70,4.67314140461062,2.64033429183487,6.04059458552411e-05,0.00544006466501598,other
PARP1,FEN1,ENSG00000143799,ENSG00000168496,P39748;P39748-2;I3L3E9;F5H1Y3,19.2181656117969,4.47257267764195,0.000830511826200408,0.446494983715623,other
PARP1,GATAD2A,ENSG00000143799,ENSG00000167491,Q86YP4-2;Q86YP4;Q86YP4-3,20.7802596951223,4.78942460877567,0.000740669860752726,0.0389749620049627,other
PARP1,GLO1,ENSG00000143799,ENSG00000124767,Q04760-2;Q04760,8.71920125754933,2.7265903248138,0.00046827792773653,2.08829699431877,metabolic
PARP1,GLUD1;GLUD2,ENSG00000143799,ENSG00000148672,P00367;P00367-2;P00367-3;P49448,7.48981651608532,2.82052223423415,0.0168687772681508,0.620437991297867,other
PARP1,H1F0,ENSG00000143799,ENSG00000189060,P07305;P07305-2,4.87764287739484,2.20220473251513,0.00327709017685525,0.0877768477826171,other
PARP1,H2AFJ,ENSG00000143799,"",Q9BTM1;Q9BTM1-2,4.90018602639976,2.07499040175573,0.0134008438144247,12.3413383334535,other
PARP1,H2AFY,ENSG00000143799,ENSG00000113648,O75367-2;O75367-3;O75367;B4DJC3;D6RCF2,20.9086555277089,4.75943956527616,0.0548106811244466,1.08499517502137,other
PARP1,H2AFY2,ENSG00000143799,ENSG00000099284,Q9P0M6;Q5SQT3,50.2767005326616,7.39731676394235,0.00207440260115621,0.141615729399089,other
PARP1,H2AFZ;H2AFV,ENSG00000143799,"",P0C0S5;A0A494C189;Q71UI9;C9J0D1;Q71UI9-3;Q71UI9-4;Q71UI9-2;C9J386;Q71UI9-5,14.525733223371,3.96897319941606,0.415986128202259,9.19211198987155,other
PARP1,HIST1H1D,ENSG00000143799,ENSG00000124575,P16402,3.49231036269114,1.95708302566434,0.00448493359755805,0.0488152531139141,other
PARP1,HIST1H2AC,ENSG00000143799,ENSG00000180573,Q93077,6.49655266701505,2.60306056336691,0.0736771450945295,0.0385396283564508,other
PARP1,HIST1H2AJ;HIST1H2AH;HIST1H2AG;H2AFJ,ENSG00000143799,"",Q99878;Q96KK5;P0C0S8;H0YFX9,21.4219942458735,4.84749157234094,1.74376141999478,37.0240150003605,other
PARP1,HIST1H2BN;HIST1H2BM;HIST1H2BH;HIST2H2BF;HIST1H2BC;HIST1H2BD;HIST1H2BK;H2BFS,ENSG00000143799,ENSG00000158373,U3KQK0;Q99879;Q99877;Q93079;Q5QNW6;P62807;P58876;O60814;Q5QNW6-2;P57053,20.0179384127664,4.64364874206215,0.827336391095202,29.3086575100004,other
PARP1,HIST1H4A,ENSG00000143799,ENSG00000197837,P62805,15.6781209167072,4.19885672299147,0.498131315956297,12.1962106460892,other
PARP1,HIST2H2AB,ENSG00000143799,ENSG00000184270,Q8IUE6,7.04106926858492,2.72621365477805,0.0390771711973748,0.0161609093167303,other
PARP1,HIST2H3A,ENSG00000143799,ENSG00000183598,Q71DI3,9.91627405472932,2.83556368090397,0.0204058787336391,2.51161325993413,other
PARP1,HIST3H2BB,ENSG00000143799,ENSG00000285449,Q8N257,10.3759771744859,3.17802910807425,0.0735778051236156,0.222770258900454,other
PARP1,HLTF,ENSG00000143799,ENSG00000071794,A0A0C4DGA6;Q14527;Q14527-2;H7C5K0,4.1384707818417,1.85360242365063,0.00275558853141883,0.0495263602207632,other
PARP1,HMG20A,ENSG00000143799,ENSG00000140382,Q9NP66,10.5778248437997,2.93803900698156,0.000115671026363616,0.00965047236712421,other
PARP1,HMGB2,ENSG00000143799,ENSG00000164104,D6R9A6;P26583,12.2008141076946,3.45028270753862,0.00450740335288383,2.58116781653405,other
PARP1,HOXA11,ENSG00000143799,ENSG00000005073,H0YIA6;P31270,9.79747125957734,2.01967959750892,9.30169176389816e-05,0.0169521075095881,other
PARP1,HOXA13,ENSG00000143799,ENSG00000106031,P31271,35.0178413100442,6.49653394893008,0.00184416154455256,0,other
PARP1,HOXB9,ENSG00000143799,ENSG00000170689,P17482,19.8531735934282,4.60149043274304,0.00113668381996494,0.0603728564622952,other
PARP1,HP1BP3,ENSG00000143799,ENSG00000127483,Q5SSJ5;X6RGJ2;Q5SSJ5-2;B0QZK4;Q5SSJ5-3;Q5SWC8;B0QZK9;B0QZK8;Q5SSJ5-5,9.30832241188899,3.14663830032496,0.00334612106393066,0.181210966609774,other
PARP1,HPCAL1;HPCA;NCALD,ENSG00000143799,ENSG00000104490,P37235;P84074;P61601,81.6677269649819,10.3195618161059,0.00206813095259858,0.268354287362677,other
PARP1,IMPDH1,ENSG00000143799,ENSG00000106348,P20839;P20839-3;P20839-7;P20839-5;P20839-6;A0A3B3IRL5;C9J381;P20839-2;P20839-4;C9K0R9;C9J029;H7C5T1;H7C511,25.8967124205632,4.84099170030544,0.00112870824401226,0.0721784177504267,purine
PARP1,IMPDH2,ENSG00000143799,ENSG00000178035,P12268;H0Y4R1;E7ETK5,5.09361613026138,2.25521098364288,0.0355904991858398,1.48621227540191,IMPDH2
PARP1,IVNS1ABP,ENSG00000143799,ENSG00000116679,Q9Y6Y0,30.198114952938,6.26862694637607,0.000903042028109055,0.0768257650424289,other
PARP1,JUN,ENSG00000143799,ENSG00000177606,P05412,4.35747591303955,2.15952970188324,0.0147262308734509,0.00307718134250022,other
PARP1,KAT7,ENSG00000143799,ENSG00000136504,E7EUP3;O95251-3;O95251-5;O95251-2;O95251-4;O95251,17.3631542613993,5.67027876922741,0.00029243029788243,0.0329471155273811,other
PARP1,KIF22,ENSG00000143799,ENSG00000079616,Q14807-2;Q14807;H3BRB3;I3L306,13.0620198486234,3.68699817575494,0.000561075375073026,0.0080914738869257,other
PARP1,KPNA3,ENSG00000143799,ENSG00000102753,O00505;H0Y4S9,7.19230212384361,3.61592503913991,0.000304392502889958,0.389250542881639,other
PARP1,LBR,ENSG00000143799,ENSG00000143815,Q14739;C9JXK0;A0A494C1L1;C9JES9,5.07720344988439,1.6838596388693,0.000208115357625929,0.0131606842555788,metabolic
PARP1,LIG3,ENSG00000143799,ENSG00000005156,P49916-3;P49916-4;P49916;P49916-2;K7ERZ5;K7ENR9;K7EQB6;K7ELY6;K7EJR4,84.0977180522566,10.3484405005868,0.0428642422573511,0.0458132314571171,other
PARP1,MBD1,ENSG00000143799,ENSG00000141644,A0A0A0MS90;Q9UIS9-4;Q9UIS9-11;Q9UIS9-8;Q9UIS9-7;Q9UIS9-6;Q9UIS9-5;Q9UIS9-10;Q9UIS9-2;Q9UIS9;Q9UIS9-9;Q9UIS9-12,4.45897665128035,2.51064686963681,8.77435533984964e-05,0.00133197272370329,other
PARP1,MBD3,ENSG00000143799,ENSG00000071655,K7EIE8;O95983-2;O95983;A0A087WT34;A0A087X1H1;A0A0A0MTS6,17.5614811920175,4.34325669060229,0.00233128146325092,0.0982270115758901,other
PARP1,MCM2,ENSG00000143799,ENSG00000073111,P49736;H0Y8E6,24.3589650656006,4.53052273483172,0.000566678564945994,0.287863757408698,other
PARP1,MCM3,ENSG00000143799,ENSG00000112118,P25205;P25205-2;J3KQ69;A0A499FHX9;Q7Z6P5,8.64134462686406,2.86825461290443,0.00268416763729767,0.250556503762109,other
PARP1,MCM4,ENSG00000143799,ENSG00000104738,A0A3B3IU45;P33991;E5RG31;A0A3B3IT92;A0A3B3ITP6;A0A3B3IS57;A0A3B3IRR8,14.8209251795117,4.54668588787,0.00304579590169117,0.297041094737854,other
PARP1,MCM5,ENSG00000143799,ENSG00000100297,P33992;B1AHB1;B1AHA9;F8WFD7;B1AHB2,5.38231623274336,2.13131407145007,0.00155464711556524,0.249947318218371,other
PARP1,MCM6,ENSG00000143799,ENSG00000076003,Q14566,42.8250529326968,8.19543781464012,0.00290424987112925,0.433468822933661,other
PARP1,MCM7,ENSG00000143799,ENSG00000166508,P33993;P33993-2;P33993-3,13.7258095990464,3.91644853028824,0.00232736075375073,0.670204484810605,other
PARP1,MEAF6,ENSG00000143799,ENSG00000163875,Q9HAF1-2;Q9HAF1;Q9HAF1-4;Q9HAF1-3;B1AK63,4.94759321478269,1.89048555185011,0.00108553753216243,0.00734449866583331,other
PARP1,MECP2,ENSG00000143799,ENSG00000169057,P51608-2;P51608;I6LM39;A0A087X1U4;B5MCB4;A0A087WVW7;A0A0D9SFX7;A0A1B0GTV0,83.8566627130557,10.6571274827611,0.00315956362953656,0.0100032853353846,other
PARP1,MSH2,ENSG00000143799,ENSG00000095002,P43246;P43246-2;A0A2R8YFH0;E9PHA6;A0A2R8Y6P0;A0A2R8YG02;A0A2R8Y7S8;C9J809;A0A2R8Y713,25.4729898110687,5.30142594022842,0.000260090374442651,0.110962008015302,other
PARP1,MSH6,ENSG00000143799,ENSG00000116062,P52701;A0A494C0M1;A0A087WWJ1;P52701-2;P52701-3;P52701-4;F8WAX8;C9JH55;C9J8Y8;C9J7Y7;A0A087WYT6;F8W7G9,18.9102996514243,4.55196571909952,0.000315326798299586,0.0735303733262818,other
PARP1,MSL1,ENSG00000143799,ENSG00000188895,J3QQY0;J3KSZ8;Q68DK7;Q68DK7-2;J3KRQ4;Q68DK7-3,6.72440979433317,2.41557724289924,0.000352374680918142,0.00290403615471525,other
PARP1,MTA1,ENSG00000143799,"",E7ESY4;Q13330-3;Q13330;H0Y4T7;Q13330-2;H7C3F3;F8W9Y9,44.7427260651159,8.24170646966078,0.000277810175779934,0.0564119558734814,other
PARP1,MTA2,ENSG00000143799,ENSG00000149480,O94776;O94776-2;E9PCS8;E7EQY4;D6W5A2;E7EV10;Q9BTC8-2;Q9BTC8,14.2544249479499,3.71190428893854,0.00147411778598152,0.163239741339936,other
PARP1,NFIC;NFIA,ENSG00000143799,ENSG00000141905,P08651-3;P08651;A0A286YEX4;P08651-2;P08651-4;P08651-5;P08651-6;B1AKN6;B1AKN8;A0A590UK09;S4R3K4;B1AKN5;S4R308;A0A590UK73;A0A590UJ82;B1AKN7;Q12857-2;Q12857-3;Q12857;Q12857-4,15.1383346603243,3.95807037512641,0.00133509870996991,0.0448268888675208,other
PARP1,NR2F2,ENSG00000143799,ENSG00000185551,P24468;P24468-3;P24468-2,3.13793705090312,2.76315673883506,0.000634224290538652,0.0631253555774578,other
PARP1,NUMA1,ENSG00000143799,ENSG00000137497,Q14980;Q14980-2;A0A087WY61;Q14980-3;Q14980-4;F5H4J1;F5H6Y5;Q14980-5;H0YFY6;K4DIE0;F5H763;F5H3L6;F5H2F3;F5H0Z7;F5H4Y4;F5H7R5;F5H1L0;F8W6T3;F5H068;F5H073;F5GWK2;F5GWA2;F5GZW1,4.43593167692738,1.81679464182598,0.000321205706734534,0.074987902092128,other
PARP1,NUP188,ENSG00000143799,ENSG00000095319,Q5SRE5-2;Q5SRE5,9.0171251020465,1.65716072344318,8.71193816718878e-05,0.0331684761315534,other
PARP1,PARP2,ENSG00000143799,ENSG00000129484,G3V167;Q9UGN5-2;Q9UGN5;H0YH02,8.78121310946738,2.8878967734222,0.000588127161640387,0.0269275703742878,other
PARP1,PBRM1,ENSG00000143799,"",Q86U86-5;Q86U86-4;Q86U86-7;Q86U86-3;Q86U86-9;Q86U86-2;Q86U86-8;Q86U86;H0Y5B5;E7EVG2;Q86U86-6,24.9072567563371,5.09776721843104,0.000249046634585077,0.0125309040343055,other
PARP1,PHF10,ENSG00000143799,ENSG00000130024,S5FZ81;Q8WUB8-3;Q8WUB8-2;Q8WUB8,6.16762685943759,2.8002788053078,0.000169630952749012,0.0290969302146686,other
PARP1,PHF14,ENSG00000143799,ENSG00000106443,A0A0U1RRH6;O94880;B4DG57;O94880-2,9.13125087428029,3.16114634576727,0.000825084426389977,0.00207348370116705,other
PARP1,PIP5K1A,ENSG00000143799,ENSG00000107242,A6PW57;Q99755-4;A2A5X0;A6PW58;O14986-3;O14986;O14986-2,4.47421587219891,2.53241484285356,0.000231810511988664,0.0165102949260314,metabolic
PARP1,PKNOX1;PKNOX2,ENSG00000143799,ENSG00000160199,E7EPN6;P55347-2;Q96KN3-2;P55347;Q96KN3,4.27156179113055,1.93208183187633,0.000629463586530932,0.0117438001804438,other
PARP1,PMS2P11,ENSG00000143799,"",Q13670,77.8356214576083,10.0420465504125,0.00377839260483181,0,other
PARP1,PNKP,ENSG00000143799,ENSG00000039650,M0QYH2;Q96T60;M0QYI1;M0R3C8;A0A0D9SFL2;Q96T60-2;A0A0D9SEV0;M0R000;A0A1B0GU66;A0A0D9SFD6;M0QX49,54.5315509417135,8.15088290010474,0.0167002690934584,0.0105541479362484,other
PARP1,POGZ,ENSG00000143799,ENSG00000143442,Q7Z3K3-5;Q7Z3K3-7;Q7Z3K3-2;Q7Z3K3-3;Q7Z3K3-6;Q7Z3K3;A6PW30;E9PJY9;E9PIR8;Q7Z3K3-4,7.58342176564244,4.36135070572416,0.000192814816319918,0.0268331709157209,other
PARP1,POLB,ENSG00000143799,ENSG00000070501,P06746;H0YBJ0;E7EW18;H0YBX1;E5RIJ0;E5RHZ4;H0YAV8;E5RG65,105.491736921429,11.9911371171555,0.027415314451251,0.0468211648444346,other
PARP1,PRKDC,ENSG00000143799,ENSG00000253729,P78527;P78527-2,20.7977075849026,4.62595808016969,0.0050870685518653,0.27235377360271,other
PARP1,PRPF4B,ENSG00000143799,ENSG00000112739,Q13523;H0YDJ3,41.1816011743318,7.16601745566063,0.00164171885300121,0.0423744765272387,other
PARP1,PRPS1,ENSG00000143799,"",B1ALA9;P60891;A0A2R8Y7H4;P60891-2;B7ZB02,4.46406110341245,1.85756758096819,0.0212753104374091,1.01097592490204,purine
PARP1,PRPS2,ENSG00000143799,ENSG00000101911,P11908;P11908-2;H7C540;D3YTJ7;A6NMS2,5.31537986914375,2.29959499745689,0.00755953895849648,0.0058271953652732,purine
PARP1,PRPSAP1,ENSG00000143799,ENSG00000161542,C9JNQ3;Q14558;Q14558-2;C9JKT9;C9JUN4;C9J168;B4DP31,26.9128879358291,5.31505030377872,0.00156808030393121,0.248051235205974,metabolic
PARP1,PRPSAP2,ENSG00000143799,ENSG00000141127,O60256;C9JDU5;C9JJS3;C9K0K7;E7EPA1;O60256-3;O60256-2;C9JDH0;E7EW35;O60256-4;I3L331;I3L164;I3L1T1;I3L3B8;I3L2J4;I3L0S1,5.82761824098383,2.36339777775397,0.00375123367018434,0.555428415747173,metabolic
PARP1,PSIP1,ENSG00000143799,ENSG00000164985,O75475;O75475-3;O75475-2,7.93705363402258,2.8426772472214,0.0023356534567625,0.213025653661546,other
PARP1,RECQL,ENSG00000143799,ENSG00000004700,P46063;F8WA66;F8WD97;F5H2L2;F5H4P4;F5H3W0;F5GYB7,44.9227635694137,6.93250223584786,0.00359934929335869,0.116508329527152,other
PARP1,RFC1,ENSG00000143799,"",P35251-2;P35251;H0Y8U4;A0A1W2PP02;H0Y9P8,21.9585195478213,4.96104094645941,0.00164430811478859,0.0318632888382161,other
PARP1,RFC2,ENSG00000143799,ENSG00000049541,P35250;P35250-2;A0A087WVY3;H7C5P4;H7C5P1;H7C5Q7;F8WC37;H7C5A0;H7C5G4,6.14675924995181,2.61753511064917,0.000127721438935978,0.1357228710855,other
PARP1,RFC3,ENSG00000143799,ENSG00000133119,P40938-2;P40938,32.417929457511,5.90917530254104,0.000838493409350398,0.0408383086131878,other
PARP1,RFC4,ENSG00000143799,ENSG00000163918,P35249;C9JZI1;P35249-2;C9J8M3;H7C1P0;C9JTT7;C9JGY5;F8WE44;C9JXZ7;C9JW34,19.6982034720322,4.5887416412418,0.00603010556397401,0.153550456851016,other
PARP1,RFC5,ENSG00000143799,ENSG00000111445,P40937-2;P40937;F5H304;C9JH72;F5H0U6;E9PEP3;F5H5S0,25.8601341850404,5.29354355141324,0.00300611342259473,0.113958360685445,other
PARP1,RNF146,ENSG00000143799,ENSG00000118518,Q9NTX7-2,7.22034467167855,5.03222493538179,0.000937483392330857,0.022788446164688,other
PARP1,RNF2,ENSG00000143799,ENSG00000121481,Q99496;X6RFN3;Q99496-2,4.46350057801556,1.61093872664928,0.00327867894743384,0.189129245895334,other
PARP1,RPL7L1,ENSG00000143799,ENSG00000146223,Q6DKI1;R4GMU7;Q6DKI1-2,4.96457152326786,1.50817459417581,0.000150036124473282,0.24891103151518,other
PARP1,RPS27A,ENSG00000143799,"",P62979,11.5060534945988,3.6570943200764,0.276306540627214,10.5602628668958,other
PARP1,RRM1,ENSG00000143799,ENSG00000167325,E9PL69;P23921,21.6285509945491,5.40526394661551,0.000238625097938693,0.22162051579929,purine
PARP1,RSF1,ENSG00000143799,ENSG00000048649,Q96T23-2;Q96T23;Q96T23-3;H0YCN2;H0YER1;H0YDG9;H0YEX0;H7C306,59.0502543990861,8.58048406016405,0.00200695756979074,0.0353215335991364,other
PARP1,RYBP,ENSG00000143799,ENSG00000281766,Q8N488,15.6855550327352,3.23973406373086,0.000113636841065241,0.00277921744913739,other
PARP1,SAP30,ENSG00000143799,ENSG00000164105,O75446,4.98514679111835,1.87765344193127,0.00202988813066338,0.0191444025096757,other
PARP1,SHPRH,ENSG00000143799,ENSG00000146414,A0A0D9SFM0;Q149N8;H7C2W2;K4DI94;Q149N8-5;Q149N8-2;Q149N8-4;H0YBI0,8.41844092419314,2.82995176788862,0.000276253574730597,0.0123817929296769,other
PARP1,SIN3A,ENSG00000143799,ENSG00000169375,Q96ST3;H3BP90;H3BNZ3,5.40170460802298,2.0248665612084,0.000692030340141662,0.0591550783735945,other
PARP1,SMARCA1,ENSG00000143799,ENSG00000102038,A0A0A0MRP6;B7ZLQ5;P28370-2;P28370,6.2540352801922,2.35664942645824,0.000804057527474577,0.0652259269052942,other
PARP1,SMARCA4,ENSG00000143799,ENSG00000127616,P51532;P51532-4;P51532-2;A0A0A0MT49;Q9HBD4;A0A2R8Y4P4;A0A2R8Y7S2;A0A2R8YGG3;A0A2R8Y4C5;A0A2R8Y6N0;A0A2R8YF58;A0A2R8Y526;A0A2R8Y7Y7;A0A2R8YDA1;A0A2R8YGP5;K7EQF0;A0A2R8YFK5;A0A2R8Y7R0;A0A0U1RQE1;A0A2R8YCY3;A0A2R8YFV8,51.0747652406009,7.87142732890255,0.000506508814371481,0.0817840136017255,other
PARP1,SMARCA5,ENSG00000143799,ENSG00000153147,O60264,9.43651154528912,2.98366588057691,0.00751523861155811,0.144546127526487,other
PARP1,SMARCB1,ENSG00000143799,ENSG00000099956,Q12824;A0A0G2JSE9;C9JTA6;A0A2R8Y5N5;A0A0U1RRB8;A0A0G2JRV3,53.3637551033888,7.9395029487704,0.00117695951684342,0.127669444825455,other
PARP1,SMARCC2,ENSG00000143799,ENSG00000139613,Q8TAQ2;F8VXC8;Q8TAQ2-2;Q8TAQ2-3;F8VZW6,16.9754965961793,4.36037801790764,0.000253142304788007,0.0218750525853986,other
PARP1,SRBD1,ENSG00000143799,ENSG00000068784,Q8N5C6;Q8N5C6-2,34.8261975193286,6.63005617532456,0.00360026274400246,0.0387876263993902,other
PARP1,SSRP1,ENSG00000143799,ENSG00000149136,Q08945;A0A0U1RRK2;E9PMD4;E9PPZ7,7.37277255572062,2.87709372205877,0.00136027304723467,0.35157002664635,other
PARP1,STAM2,ENSG00000143799,ENSG00000115145,O75886;O75886-2,4.01152589419273,1.96560965031991,1.30389305291419e-06,0.031657010985841,other
PARP1,SUPT16H,ENSG00000143799,ENSG00000092201,Q9Y5B9,7.58227344947687,2.5063608754793,0.00118913866498666,0.373238982212376,other
PARP1,TDP1,ENSG00000143799,ENSG00000042088,Q9NUW8;G3V2F4;E7EPD8;Q9NUW8-2;G3V2J6;G3V2U6;Q9BRS7;G3V4W8;G3V5H9;H0YJ44;G3V3Q0;G3V5F9;G3V5B8;G3V554,91.7073021160523,12.4543573605663,0.00449071929069265,0.0196217581490271,other
PARP1,TFAM,ENSG00000143799,ENSG00000108064,Q00059;H7BYN3;Q00059-2,13.3174506360589,3.67407228417374,0.0278022569638662,0.0602365140988966,metabolic
PARP1,TFAP2A,ENSG00000143799,ENSG00000137203,P05549-5;P05549-6;P05549;C9JXZ2;H7C5E5;C1K3N0;P05549-2,63.0213404211771,8.90498206831411,0.00167431690295058,0.00949964799978021,other
PARP1,TFCP2,ENSG00000143799,ENSG00000135457,Q12800;F8VX55;Q12800-4;Q12800-3;F8VWL0;Q12800-2;C9JWL3;Q9NZI6,6.30693392794123,2.5282713319471,0.00336445165380169,0.133579574161125,other
PARP1,TMX1,ENSG00000143799,ENSG00000139921,Q9H3N1,4.42739531694339,2.96340512916927,0.000364221279105967,0.435255998598867,other
PARP1,TOP1,ENSG00000143799,ENSG00000198900,P11387;E5RIC7;E5RJ33;E5RJ95;E5RFS0,3.8490015719965,1.88293735922153,0.00664192334464457,0.656554753637856,other
PARP1,TOP2A,ENSG00000143799,ENSG00000131747,P11388;P11388-2;P11388-3;P11388-4;J3KTB7,17.4978307390726,4.35458532059213,0.00728824253272178,0.256074617178297,other
PARP1,TOP2B,ENSG00000143799,"",Q02880-2;Q02880;E9PCY5;H7BZ82,28.0787499280971,5.62353605095444,0.00400327300066463,0.0870295241825666,other
PARP1,TPX2,ENSG00000143799,ENSG00000088325,Q9ULW0;Q9ULW0-2,6.87086246608296,2.52563587660437,0.00259595491261387,0.0344332883349547,other
PARP1,UBP1,ENSG00000143799,"",Q9NZI7;Q9NZI7-4;F8WEP8,17.3884959266848,4.31294975029303,0.000422726341758334,0.020743461927625,other
PARP1,UHRF1,ENSG00000143799,ENSG00000276043,A0A087WVR3;A0A087WTW0;Q96T88;Q96T88-2;A0A087WWG9,4.78987622012825,3.03237443103625,0.000778983695953175,0.0426043895285944,other
PARP1,VPS72,ENSG00000143799,ENSG00000163159,Q15906-2;Q15906;A0A1W2PPT2,13.8703438300802,4.03958301987185,0.000500912933693446,0.0726282225190852,other
PARP1,WHSC1,ENSG00000143799,ENSG00000109685,O96028-5;O96028-3;O96028;D6R9V2;O96028-6;H0Y9L4;D6RIS1;O96028-7,8.31678037978899,2.74838909359487,9.48854855847014e-05,0.0445879918511472,other
PARP1,XPC,ENSG00000143799,ENSG00000154767,Q01831-2;Q01831,26.5418676277093,5.41865278654524,0.000505922329524275,0.047267131051597,other
PARP1,XRCC1,ENSG00000143799,ENSG00000073050,P18887;F5H8D7;M0QYS5;M0R0D2;M0QZ96;M0R1U8,89.5091182022606,10.9103307518325,0.0632227957745353,0.0259409092130325,other
PARP1,XRCC5,ENSG00000143799,ENSG00000079246,P13010;C9JZ81,16.3697555364803,4.1124915771718,0.0221943584707876,1.09477435800183,other
PARP1,XRCC6,ENSG00000143799,ENSG00000196419,P12956;B1AHC9;P12956-2,11.2043396022814,3.4423199705856,0.0324955981847984,1.31413485064962,other
PARP1,YBX1,ENSG00000143799,ENSG00000065978,P67809;H0Y449;C9J5V9;A0A0D9SEI8,5.58588056601716,2.4278702646807,0.0240451019875452,2.92766149369433,other
PARP1,YBX3,ENSG00000143799,ENSG00000288504,P16989-2;P16989;P16989-3;Q9Y2T7,13.3072945078832,3.66478292508405,0.00114482536244843,0.717298836167078,other
PARP1,ZFP64,ENSG00000143799,ENSG00000020256,Q9NTW7-6;Q9NTW7-4;Q9NTW7-5,46.4040563081815,7.43404109759431,0.000289131966115223,0.00246964516528688,other
PARP1,ZNF512,ENSG00000143799,ENSG00000243943,G3XAG1;Q96ME7-2;Q96ME7-3;Q96ME7,41.682779197567,8.57954075781284,0.00107230676836281,0.0893474185751129,other
TOP2A,ABCE1,ENSG00000131747,ENSG00000164163,P61221;D6R9I9;D6RGF4;H0Y990,2.73732401558985,1.80880636622269,0.0010039627403015,1.33930225419055,metabolic
TOP2A,BANF1,ENSG00000131747,ENSG00000175334,O75531,4.42162023775793,2.44415988854629,0.0118771241401133,2.50594444179805,other
TOP2A,BAZ1B,ENSG00000131747,ENSG00000009954,Q9UIG0-2;Q9UIG0,5.64865305823629,3.50559347785029,0.000424337558802983,0.261376014226964,other
TOP2A,C7ORF50,ENSG00000131747,ENSG00000146540,Q9BRJ6;C9JQV0;H7C0T1;H7C2R9,6.83270053417567,3.27744198701764,0.00245078439086831,0.276349832660269,other
TOP2A,CAPRIN1,ENSG00000131747,ENSG00000135387,Q14444-2;Q14444;G3V153;E9PLA9,6.85544226876693,3.26337297918721,0.00398543431328994,3.00027408125941,other
TOP2A,CDC37,ENSG00000131747,ENSG00000105401,Q16543;K7EQA9;K7EL68;K7EKQ2;K7EIU0,2.85483080613149,1.65893702499894,0.0185071860115734,1.29428063322694,other
TOP2A,CDH1,ENSG00000131747,ENSG00000039068,A0A087WXI5;P12830;H3BNC6;A0A087WX17;A0A087WU43;P12830-2;H3BVI7,2.81158773691143,2.10879471385872,0.000292689636255503,0.0704879056907858,other
TOP2A,CENPK,ENSG00000131747,ENSG00000123219,D6RHD3;Q9BS16;D6RC76;D6RJF0;D6RAX0;D6RBN6;D6R984,3.4640294686948,2.83014592008871,0.000374312114698619,0,other
TOP2A,CHD4,ENSG00000131747,ENSG00000111642,Q14839-2;Q14839;A0A0C4DGG9;A0A2R8Y521;A0A2R8Y212;F5GWX5;A0A2R8YFD8;A0A2U3TZM0;A0A2R8YFK9;A0A2R8Y5J0;A0A2R8Y425;A0A2R8YER1;A0A2R8Y445;A0A2R8Y8C1;A0A2R8YDJ9;A0A2R8YD40;A0A2R8Y5Z7;A0A2R8YDW2;A0A2R8Y685;A0A2R8Y4X2;A0A2R8Y5M9;A0A2R8Y8B3;A0A2R8YE38;A0A2R8Y7I0;A0A2R8Y7M9;F5H6N4;A0A2R8Y7X1;A0A2R8Y6G9;K7EMY3,3.60542337626376,2.43124651248605,0.000326770151888297,1.05832650346279,other
TOP2A,CKMT1A;CKMT1B,ENSG00000131747,ENSG00000131730,P12532;P12532-2;F8WCN3;C9JSQ1;C9J8F6;C9J6W7;C9JT96;C9JJX8;C9J995;P17540,3.47826154526748,2.06926960985242,0.0783612534284188,0.994758669556518,other
TOP2A,CSNK2B,ENSG00000131747,ENSG00000232960,Q5SRQ6;P67870;Q5SRQ3,2.52709526305064,1.70926229239692,0.0713352657593942,5.49766588862954,other
TOP2A,DCP1A,ENSG00000131747,ENSG00000272886,Q9NPI6;Q9NPI6-2;A0A087WT55;A0A087WVE6;A0A087WXD0,2.77689591860045,2.14282849603182,4.61118407095721e-05,0.370262309658775,other
TOP2A,DDX21,ENSG00000131747,ENSG00000165732,Q9NR30;Q9NR30-2,2.99706519556971,2.19528694233942,0.00266393471217097,4.11347433271407,other
TOP2A,DHX30,ENSG00000131747,ENSG00000132153,Q7L2E3;H7BXY3;Q7L2E3-3;F6R0H4,2.40894448811961,1.87788772709225,0.000552245271970567,0.791956372288705,other
TOP2A,DRG1,ENSG00000131747,ENSG00000185721,Q9Y295;F8WEE0,3.08061989006371,2.19300160379107,0.00152236431252763,1.70746399593515,other
TOP2A,EIF2S2,ENSG00000131747,ENSG00000125977,P20042,4.91808249971259,2.8291707873134,0.00209043868499437,1.21155581272188,other
TOP2A,EIF3A,ENSG00000131747,ENSG00000107581,Q14152;Q14152-2,3.54321136466449,2.42071981559342,0.00398473015521673,1.48110336923274,other
TOP2A,EIF3B,ENSG00000131747,ENSG00000106263,P55884;P55884-2;C9JZG1;C9JQN7,2.67605841249366,1.92747770360938,0.015024452086786,1.21547460264532,other
TOP2A,EIF3H,ENSG00000131747,ENSG00000147677,B3KS98;O15372;A0A087WZK9;E5RJT0;E5RFW7;E5RFH0;E5RGU4;E5RHC7;E5RH59,2.38830371664474,1.81331914296437,0.00224079962527633,1.75418095714444,other
TOP2A,EIF3M,ENSG00000131747,ENSG00000149100,Q7L2H7;Q7L2H7-2;J3KNJ2;H0YCQ8;E9PRY0;E7ESM3;E9PN86;E9PRI2,3.0063111025988,2.18581735237598,0.00490766560383471,3.96502116867238,other
TOP2A,EIF4G1,ENSG00000131747,ENSG00000114867,Q04637-9;Q04637;E7EX73;E7EUU4;Q04637-3;Q04637-8;E9PGM1;Q04637-5;Q04637-4;Q04637-7;Q04637-6;C9JF13;C9J6B6;C9K073;C9J2Z7;H7C0V6;H7C044,2.84457990599813,2.11178396314202,0.00076216029126543,1.93324769225069,other
TOP2A,EXOSC5,ENSG00000131747,ENSG00000077348,Q9NQT4;M0R102;M0R050,4.05813957138742,2.40670930615675,0.000959575726926513,0.604941230410136,other
TOP2A,FAU,ENSG00000131747,ENSG00000149806,E9PR30;P62861,3.10687035386901,1.90612735402218,0.00246639875892396,0.0973646308028602,other
TOP2A,FEN1,ENSG00000131747,ENSG00000168496,P39748;P39748-2;I3L3E9;F5H1Y3,11.878644129275,5.48751301540048,0.00867965049560348,1.74361281346655,other
TOP2A,FKBP8,ENSG00000131747,ENSG00000105701,Q14318-2;Q14318;U3KQ64;M0R2K9;A0A0A0MTJ1;Q14318-3;U3KQI1;M0R2Q6;M0R1Q0;M0R1S6,4.26482270627034,3.57861344023958,0.000920341044130687,0.195859368581797,other
TOP2A,FMR1,ENSG00000131747,ENSG00000102081,Q06787-6;Q06787-4;Q06787-7;Q06787-5;Q06787-3;Q06787;Q06787-10;R9WNI0;Q8IXW7;A0A087WY29;A0A087X1M7;A0A087WWU4;A0A087WWR6,2.64324380404098,2.3357053563966,0.000629473070628422,0.217167043842741,other
TOP2A,FXR2,ENSG00000131747,ENSG00000129245,P51116;I3L1Z2,2.79711379444656,2.25086979824031,0.000420809877645701,0.222789540958097,other
TOP2A,GATAD2A,ENSG00000131747,ENSG00000167491,Q86YP4-2;Q86YP4;Q86YP4-3,3.17458653926573,2.71665176039387,0.00022016294337329,0.152201582626307,other
TOP2A,GATAD2B,ENSG00000131747,ENSG00000143614,A0A0U1RRM1;Q8WXI9;A0A0U1RR34;A0A1B0GVS4;A0A0U1RRK3;A0A0U1RR30,3.82440546006556,3.1199071793456,0.000444011383362739,0.379748978826275,other
TOP2A,GIGYF2,ENSG00000131747,ENSG00000204120,Q6Y7W6-4;Q6Y7W6-5;Q6Y7W6;I1E4Y6;Q6Y7W6-3;E7ESB6;C9JHW1;C9JH18;F8WCD5;C9JPV7;C9JXQ0;C9J0V6;C9JHT0;C9JRZ2,3.11761640375316,2.21023462720384,0.000458997666805891,0.224090900670593,other
TOP2A,GLUD1;GLUD2,ENSG00000131747,ENSG00000148672,P00367;P00367-2;P00367-3;P49448,4.1136451187073,2.23133501471473,0.0752132641300958,2.42287969863828,other
TOP2A,GNB2L1,ENSG00000131747,ENSG00000204628,P63244;J3KPE3;D6RAC2;D6REE5;H0Y8W2;H0YAM7;H0YAF8;D6RHH4;D6R9L0;D6R9Z1;D6RFX4;D6RBD0;E9PD14;D6RAU2;D6RFZ9;H0Y8R5;D6RF23;D6RGK8;D6R909;D6RHJ5;H0Y9P0;D6RDI0,2.46830955827179,1.86039826597756,0.24352290220396,11.9275944163927,other
TOP2A,H2AFY,ENSG00000131747,ENSG00000113648,O75367-2;O75367-3;O75367;B4DJC3;D6RCF2,7.09304015246386,3.34324242700888,0.00637141428146181,4.23702742183902,other
TOP2A,H2AFY2,ENSG00000131747,ENSG00000099284,Q9P0M6;Q5SQT3,3.48331665274983,2.21799990968531,0.000305413756468845,0.553025250841189,other
TOP2A,HIST1H2AC,ENSG00000131747,ENSG00000180573,Q93077,2.97097880707675,1.94274065204039,0.154515319165123,0.150501556074246,other
TOP2A,HIST1H2AJ;HIST1H2AH;HIST1H2AG;H2AFJ,ENSG00000131747,"",Q99878;Q96KK5;P0C0S8;H0YFX9,8.32898798037456,3.533081895407,0.0635141471474665,144.582916527731,other
TOP2A,HIST1H2BL,ENSG00000131747,ENSG00000185130,Q99880,2.58410233004555,1.9831330439499,0.000646866755170246,16.3436423252195,other
TOP2A,HIST1H4A,ENSG00000131747,ENSG00000197837,P62805,5.32310490382767,2.86364801152247,0.576072296103263,47.6275656700381,other
TOP2A,HIST2H2AB,ENSG00000131747,ENSG00000184270,Q8IUE6,8.52711822526203,3.69958642216018,0.0201276393022302,0.0631101570894001,other
TOP2A,HIST2H2AC;HIST2H2AA3,ENSG00000131747,"",Q16777;Q6FI13,7.67949273703772,3.33005339240893,1.15318324760632,96.3886110184876,other
TOP2A,HIST2H2BE;HIST1H2BB;HIST1H2BO;HIST1H2BJ,ENSG00000131747,ENSG00000124635,Q16778;P33778;P23527;P06899;Q6DRA6;Q6DN03,8.60620390861151,3.69872452311876,1.07077561508104,3.51672779815494,other
TOP2A,HNRNPUL2-BSCL2;HNRNPUL2,ENSG00000131747,ENSG00000214753,H3BQZ7;Q1KMD3,2.43404179009473,1.77552645666156,0.000155230189372139,0.444386812064927,other
TOP2A,HP1BP3,ENSG00000131747,ENSG00000127483,Q5SSJ5;X6RGJ2;Q5SSJ5-2;B0QZK4;Q5SSJ5-3;Q5SWC8;B0QZK9;B0QZK8;Q5SSJ5-5,10.956299934594,4.63197349078061,0.00512428652560793,0.707649077470267,other
TOP2A,ILF3,ENSG00000131747,ENSG00000129351,Q12906-5;Q12906-2;Q12906-3;Q12906;K7EKJ9;K7ER69;K7EKY0;K7EQR9;K7EJ09;K7ERM6;K7ENK6;K7EM82;K7EQ75;K7EPG3,3.67074345243684,1.96110779961474,0.00440086639586048,3.90079061847776,other
TOP2A,IMPDH2,ENSG00000131747,ENSG00000178035,P12268;H0Y4R1;E7ETK5,3.21679641231042,2.02428522725112,0.0176770512218117,5.80382504044558,IMPDH2
TOP2A,IWS1,ENSG00000131747,ENSG00000163166,Q96ST2-2;Q96ST2-3;Q96ST2,11.0427178057062,4.39432569840462,0.000861436623100403,0.0789740903972821,other
TOP2A,KIAA1279,ENSG00000131747,"",A0A1B0GUA3;Q96EK5;A0A1B0GVY9;A0A1B0GTE6;A0A0D9SFK7;A0A1B0GU96,1.77960329507136,2.6011015482401,0.000210461587929783,0.464350830618753,other
TOP2A,KTN1,ENSG00000131747,"",Q86UP2-3;Q86UP2-4;Q86UP2;Q86UP2-2;G3V4Y7;B7Z6P3;H0YJZ8;G3V5P0;H0YJP2;G3V5G2;H0YJV5,2.94007478785518,2.01732587893318,6.20047026925094e-05,0.393366588465996,other
TOP2A,LLPH,ENSG00000131747,ENSG00000139233,Q9BRT6,3.53000479775825,2.16920444914852,0.00113989905340719,0.21763041384165,other
TOP2A,LMNB2,ENSG00000131747,ENSG00000176619,Q03252,2.65958127442319,1.63023487780519,0.000140674910504675,0.500135146058787,other
TOP2A,LSG1,ENSG00000131747,ENSG00000041802,Q9H089;H7C2X7;F8WFC6,4.31654500677285,2.37081047771874,0.000166113769115118,0.0479223527183958,other
TOP2A,MAGOH;MAGOHB,ENSG00000131747,ENSG00000162385,P61326-2;P61326;Q96A72;F5H6P7;F5H6N1,3.1746136764544,1.92776612569274,0.000884732758616496,6.20624285476111,other
TOP2A,MTA1,ENSG00000131747,"",H0Y4T7;E7ESY4;Q13330-2;Q13330-3;Q13330,5.36920269975259,2.57506781222902,9.96430076784901e-05,0.220294992510731,other
TOP2A,MTA2,ENSG00000131747,ENSG00000149480,O94776;O94776-2;E9PCS8;E7EQY4;D6W5A2;E7EV10;Q9BTC8-2;Q9BTC8,4.57891152176994,2.85850088752644,0.00176900355917772,0.637469434255863,other
TOP2A,NEK9,ENSG00000131747,"",Q8TD19,3.40058877439606,2.55230557846009,0.000606707166946247,0.0942428838286597,other
TOP2A,PARP1,ENSG00000131747,ENSG00000143799,P09874;Q5VX84;Q5VX85,5.88838113629753,3.09461387090971,0.0512476947065199,3.90511176398138,other
TOP2A,PBRM1,ENSG00000131747,"",Q86U86-5;Q86U86-4;Q86U86-7;Q86U86-3;Q86U86-9;Q86U86-2;Q86U86-8;Q86U86;E7EVG2,4.7078255896848,4.18585210942777,0.000157216969516565,0.0489345807576884,other
TOP2A,PCNA,ENSG00000131747,ENSG00000132646,P12004,3.67106362339398,2.66282971266666,0.00462912806192922,1.03920056685561,other
TOP2A,PRKDC,ENSG00000131747,ENSG00000253729,P78527;P78527-2,5.20013758814694,2.61119448506394,0.00843860972470346,1.06357192526067,other
TOP2A,PRPS1,ENSG00000131747,ENSG00000229937,B1ALA9;P60891;A0A2R8Y7H4;P60891-2;B1ALA7;A0A0B4J207;P21108;Q15244;B7ZB02,2.85608662998348,1.65861957952999,0.10341979710329,3.94797397743692,purine
TOP2A,PRRC2C,ENSG00000131747,"",E7EPN9;Q9Y520-7;Q9Y520-3;Q9Y520-4;Q9Y520-5;Q9Y520;Q9Y520-6;Q9Y520-2;A0A2R8YET2;H7C5N8;A0A2R8Y7F4;A0A0A0MS30,4.54434755502816,2.47817171125473,0.000164180096633118,0.157005046655763,other
TOP2A,PSMA2,ENSG00000131747,ENSG00000106588,A0A024RA52;P25787;H3BT36;C9JCK5;H7C402,4.60986350972677,2.64625438235529,0.00561259737270674,1.27729208347226,other
TOP2A,PSMA6,ENSG00000131747,ENSG00000100902,P60900;G3V295;G3V5Z7;P60900-2;G3V3I1;G3V3U4;H0YJC4,2.63891584874392,2.16921772843225,0.00185901765874963,2.0801441389554,other
TOP2A,PSMB3,ENSG00000131747,ENSG00000277791,A0A087WUL2;P49720;A0A087WXQ8;A0A087WY10,2.78310224114454,1.8135006056399,0.000265651371931029,0.559396783054669,other
TOP2A,PSMC1,ENSG00000131747,ENSG00000100764,P62191,3.05826969472529,1.74009809307916,0.000130508316342857,1.41501020053279,other
TOP2A,PSMC4,ENSG00000131747,ENSG00000013275,P43686;P43686-2,3.24325816196454,2.27793305150171,0.000421518708407757,1.52752740496832,other
TOP2A,PSMC5,ENSG00000131747,"",J3QQM1;P62195;J3QSE0;J3QLH6;J3KRP2;J3QSA9;P62195-2;J3QRW1;J3QRR3;J3KTQ9,2.64463261952542,2.08576852988223,0.000427058795791798,2.64671557185728,other
TOP2A,PSMC6,ENSG00000131747,ENSG00000100519,A0A087X2I1;P62333;H0YJS8;H0YJE9;H0YJT1,4.19895924653808,2.61325505719277,0.000843898302131415,2.26908197794326,other
TOP2A,RBBP4,ENSG00000131747,"",Q09028-3;Q09028;Q09028-4;Q09028-2;H0YF10;H0YEU5;H0YCT5;H0YDK2;E9PNS2;E9PIC4;E9PNS6,3.38817324955572,1.99120670755581,0.0332559475923175,3.96521062576414,other
TOP2A,RPL10,ENSG00000131747,ENSG00000147403,X1WI28;P27635;B8A6G2;A6QRI9;Q96L21,5.42213115984278,2.97322946576455,0.0681297802010481,10.3324415794994,other
TOP2A,RPL10A,ENSG00000131747,ENSG00000198755,P62906,3.66809807662824,2.30146264873378,0.112949725213197,18.1304121575878,other
TOP2A,RPL11,ENSG00000131747,ENSG00000142676,Q5VVC8;P62913-2;P62913,2.64147124794452,1.78193096123375,0.0647916930015442,2.40572615114128,other
TOP2A,RPL13,ENSG00000131747,ENSG00000167526,H3BUK8,2.70641329176084,1.98205530220483,0.203681137237717,2.83900188951872,other
TOP2A,RPL14,ENSG00000131747,ENSG00000188846,E7EPB3;P50914,3.45311528056616,2.22257688639893,0.0254901608012574,4.52841919528731,other
TOP2A,RPL15,ENSG00000131747,ENSG00000174748,P61313;A0A2R8YEM3;E7EQV9;E7ENU7;E7EX53;A0A2R8Y738;P61313-2;E7ERA2,4.54341479132358,2.4150058537343,0.0545197132311639,4.12903838316475,other
TOP2A,RPL17;RPL17-C18ORF32,ENSG00000131747,ENSG00000215472,A0A087WXM6;J3QQT2;J3KRX5;A0A0A6YYL6;P18621;P18621-3;J3QLC8;A0A0A0MRF8;P18621-2;J3KRB3;A0A087WWH0;J3QS96;A0A087WY81;J3KSJ0,2.79206342394304,2.00031542143508,0.0780182900941018,27.6369901078137,other
TOP2A,RPL18,ENSG00000131747,ENSG00000063177,G3V203;J3QQ67;Q07020;Q07020-2;H0YHA7;F8VUA6;F8VYV2;A0A075B7A0;F8VXR6,3.14911187868805,2.06182513199598,0.115836296135219,7.25048781692663,other
TOP2A,RPL19,ENSG00000131747,ENSG00000108298,P84098;J3QR09;J3KTE4,2.90220793315201,1.87335366573889,0.049881760354135,0.350220906968989,other
TOP2A,RPL21,ENSG00000131747,ENSG00000122026,P46778;G3V1B3;M0R181,4.87043755764342,2.586988587044,0.126837758276012,1.85461125930865,other
TOP2A,RPL22,ENSG00000131747,ENSG00000116251,P35268;K7ERI7;K7ELC4;K7EMH1;K7EJT5;K7EP65;K7EKS7,3.56061020440002,2.43671907562289,0.171425803535812,5.72829832166277,other
TOP2A,RPL23,ENSG00000131747,ENSG00000125691,P62829;J3KT29;J3KTJ3;B9ZVP7;J3QQT9,4.64738119162068,2.409923542236,0.143868413259061,1.68181060353451,other
TOP2A,RPL24,ENSG00000131747,ENSG00000114391,C9JXB8;C9JNW5;P83731,2.54112930215189,1.75232407106704,0.0436903745253217,2.93928994850135,other
TOP2A,RPL27,ENSG00000131747,ENSG00000131469,P61353;K7ELC7;K7EQQ9;K7ERY7,3.65879301861559,2.23657188394641,0.220887591941768,2.72669014671557,other
TOP2A,RPL27A,ENSG00000131747,ENSG00000166441,E9PJD9;P46776;E9PLL6;E9PLX7,4.52366844314898,2.6126379267389,0.157085484981002,7.01738542477122,other
TOP2A,RPL28,ENSG00000131747,ENSG00000108107,P46779;H0YKD8;P46779-2;P46779-3;H0YLP6;H0YMF4;P46779-4;P46779-5,2.91642399963759,2.07146293574813,0.0626310460063908,1.6863575737367,other
TOP2A,RPL3,ENSG00000131747,"",P39023;G5E9G0;B5MCW2,3.61689588865592,2.39167339354499,0.116162940511435,13.0460153384461,other
TOP2A,RPL30,ENSG00000131747,ENSG00000156482,P62888;E5RI99;A0A0B4J213;A0A0C4DH44,2.68552225207555,2.20925689110494,0.0737024398691678,6.81768922974324,other
TOP2A,RPL31,ENSG00000131747,ENSG00000071082,C9JU56;B7Z4E3;B7Z4C8;P62899-3;P62899;P62899-2;H7C2W9;B8ZZK4,4.06432026980434,2.22707012293013,0.0678325615320369,3.08164063947241,other
TOP2A,RPL35,ENSG00000131747,ENSG00000136942,P42766;F2Z388,4.48626805567573,2.51035984700613,0.0697800907120593,2.38760142269645,other
TOP2A,RPL36,ENSG00000131747,ENSG00000130255,Q9Y3U8;J3QSB5;J3KTD3,4.55773826610483,2.37919322316052,0.0318195949964709,0.965165471823941,other
TOP2A,RPL36A;RPL36A-HNRNPH2;RPL36AL,ENSG00000131747,"",H0Y5B4;H7BZ11;J3KQN4;Q969Q0;P83881,7.4034448459731,3.64468737515071,0.0333720537562448,0.101429643214404,other
TOP2A,RPL4,ENSG00000131747,ENSG00000174444,P36578;H3BM89;H3BTP7;H3BU31,4.41052770255561,2.51536720474972,0.109347617280354,5.69634322551961,other
TOP2A,RPL6,ENSG00000131747,ENSG00000089009,F8VR69,2.74970350359735,1.90181914733577,0.0950667258727772,7.04000291763921,other
TOP2A,RPL7,ENSG00000131747,ENSG00000147604,P18124;A8MUD9;C9JZ88;C9JIJ5,4.77644067334458,2.5883901238479,0.08205993285275,4.94464590048534,other
TOP2A,RPL8,ENSG00000131747,ENSG00000161016,P62917;E9PKZ0;G3V1A1;E9PKU4;E9PP36,2.37186044893105,1.77854483856727,0.105826061274791,4.08237931162239,other
TOP2A,RPL9,ENSG00000131747,ENSG00000163682,D6RAN4;P32969;A0A2R8Y5Y7;E7ESE0;H0Y9V9;H0Y9R4,2.79858309844581,1.91005816298655,0.0860777563772209,3.97428772553814,other
TOP2A,RPLP1,ENSG00000131747,"",P05386,5.36890230114971,2.91642097459563,0.379197611986093,6.50263050646511,other
TOP2A,RPLP2,ENSG00000131747,ENSG00000177600,P05387;H0YDD8;P05386-2,3.49314469056546,2.14118750393337,0.385702200843244,23.536086102775,other
TOP2A,RPS10;RPS10-NUDT3,ENSG00000131747,ENSG00000124614,F6U211;A0A2R8Y7H1;A0A2R8YFH6;A0A1W2PQS6;P46783;A0A2R8Y6L3;S4R435;Q9NQ39,2.70154947883515,2.06453826543362,0.274291968513585,7.69371040346782,other
TOP2A,RPS12,ENSG00000131747,ENSG00000112306,P25398,6.62798755482224,3.36405006442625,0.128802219814839,8.06320360755172,other
TOP2A,RPS14,ENSG00000131747,ENSG00000164587,P62263;A0A2R8Y811;E5RH77,3.10859991963357,2.15834089560508,0.106810794620026,6.22140250453855,other
TOP2A,RPS15A,ENSG00000131747,ENSG00000134419,P62244;I3L3P7;I3L246;H3BV27;H3BT37;I3L303,2.98923884017819,1.91056957756345,0.0768201910796743,2.89198963757149,other
TOP2A,RPS16,ENSG00000131747,ENSG00000105193,P62249;M0R210;M0R3H0;Q6IPX4;M0R1M5;M0QX76,2.95461442241474,1.98382766860772,0.126607025016344,2.46644714904968,other
TOP2A,RPS17,ENSG00000131747,ENSG00000182774,H3BNC9;P08708;H0YN88;A0A075B716;H0YN73;A0A0J9YYC4,2.92325401066342,1.80266502827706,0.0921222647367367,19.4142094984042,other
TOP2A,RPS18,ENSG00000131747,ENSG00000227794,P62269;A0A0G2JQH2;Q5GGW2,4.41084875562786,2.63237646938476,0.0800561579439256,2.86154412581971,other
TOP2A,RPS2,ENSG00000131747,ENSG00000140988,P15880;H0YEN5;E9PMM9;E9PQD7;I3L404;E9PPT0;E9PM36;H3BNG3;H0YE27,2.37831927718823,1.77046650144078,0.242992600052282,15.4414897558445,other
TOP2A,RPS20,ENSG00000131747,ENSG00000008988,P60866;P60866-2;E5RJX2;G3XAN0;E5RIP1,3.73467818762572,2.04137316481738,0.0686179275110436,3.77888859778656,other
TOP2A,RPS21,ENSG00000131747,ENSG00000171858,Q8WVC2;P63220;Q9BYK1;Q9BYK2,2.78900459863173,2.03014996183083,0.168271095127388,13.8672767465698,other
TOP2A,RPS24,ENSG00000131747,ENSG00000138326,E7ETK0;A0A2R8Y849;A0A2R8YD14;P62847-2;P62847-3;P62847;P62847-4;A0A2R8Y8A0,3.2506272273049,2.26295896665463,0.0830326057331101,8.84090993294061,other
TOP2A,RPS27L,ENSG00000131747,"",C9JLI6;Q71UM5,4.36082630834916,2.49158169227426,0.0106602441066224,1.78401481049238,other
TOP2A,RPS28,ENSG00000131747,ENSG00000233927,P62857,4.34296949858702,2.71411978703636,0.280781888403322,3.2393899818458,other
TOP2A,RPS29,ENSG00000131747,ENSG00000213741,A0A2R8Y851;P62273;P62273-2;A0A2R8Y6P7;A0A087WTT6,4.69163615582774,2.52246852818675,0.00142306944727123,9.38109501504255,other
TOP2A,RPS3,ENSG00000131747,ENSG00000149273,P23396;P23396-2;E9PL09;E9PPU1;H0YEU2;E9PSF4;F2Z2S8;H0YF32;H0YCJ7;E9PQ96;E9PJH4;E9PK82,3.25271744573119,1.86800841860748,0.15675913728659,14.707159330888,other
TOP2A,RPS3A,ENSG00000131747,"",P61247;D6RG13;E9PFI5;H0Y8L7;H0Y9Y4;D6RI02,3.18225381968626,2.07935935470832,0.0109104367591485,8.48629437325669,other
TOP2A,RPS4X,ENSG00000131747,ENSG00000198034,P62701;Q8TD47;C9JEH7;P22090,3.04903471853969,2.0890101086455,0.0839818735574406,31.7579818272757,other
TOP2A,RPS5,ENSG00000131747,ENSG00000083845,P46782;M0R0F0;M0R0R2;M0QZN2,5.86901006878979,2.93640372650922,0.0252842761066072,4.38166888962987,other
TOP2A,RPS7,ENSG00000131747,ENSG00000171863,P62081;A0A2R8Y623;B5MCP9,3.13798881522237,2.2779221239322,0.084538726495448,4.80351916247214,other
TOP2A,RPS8,ENSG00000131747,ENSG00000142937,P62241;Q5JR95,2.86695244057784,1.95217475216375,0.121090431294088,5.96361067724329,other
TOP2A,RPS9,ENSG00000131747,ENSG00000277359,P46781;B5MCT8;C9JM19;F2Z3C0;A8MXK4,3.36995744231836,1.89598775945238,0.0790363034359907,2.74331412940115,other
TOP2A,SEC61G,ENSG00000131747,ENSG00000132432,P60059,7.78906483243053,3.48425864688853,0.00872712262475888,3.41514301063317,other
TOP2A,SERBP1,ENSG00000131747,ENSG00000142864,Q8NC51;Q8NC51-2,4.28524338459121,2.41873121940045,0.0575807089698952,0.449108036012004,other
TOP2A,SRP54,ENSG00000131747,ENSG00000100883,P61011;G3V4F7;P61011-2;G3V480;G3V346;A0A0D9SFN7;G3V3L9,7.76934022373241,3.30186280334012,0.00211394970982035,0.895620177486062,other
TOP2A,SRP68,ENSG00000131747,ENSG00000167881,Q9UHB9-4;Q9UHB9;Q9UHB9-2;Q9UHB9-3,5.20434156439328,2.82451424352897,0.000845548096318952,0.556066874899342,other
TOP2A,SRP72,ENSG00000131747,ENSG00000174780,O76094;O76094-2;D6RDY6;R4GNC1,2.7358867795287,1.93969570287017,0.0029061896475864,0.917339322751189,other
TOP2A,SSR3,ENSG00000131747,ENSG00000114850,C9JA28;Q9UNL2;Q9UNL2-2,4.67269009179492,2.6634348987572,0.00538037253758391,0.994231873587492,other
TOP2A,STAU1,ENSG00000131747,ENSG00000124214,O95793-2;O95793;O95793-3;A0A087X1A5;Q5JW30;Q5JW28,3.78313746853795,2.89023025033327,0.00193804991478662,0.693940463814735,other
TOP2A,TOP2B,ENSG00000131747,"",Q02880;H7BZ82,25.3476181808597,8.16933213497151,0.234851618860243,0.339860018699043,other
TOP2A,UBA52,ENSG00000131747,"",A0A2R8Y422;M0R1M6;M0R2S1,2.63684132926034,2.87943857844355,0.00553521929280482,41.2390067522507,other
TOP2A,UBE3B,ENSG00000131747,ENSG00000151148,F5H5T5;Q7Z3V4;Q7Z3V4-2;F5H6D6;Q7Z3V4-3,2.50421316975987,2.02909568853878,0.00719866235113088,0.00346055522781098,other
TOP2A,VAC14,ENSG00000131747,ENSG00000103043,Q08AM6;H3BN23;H3BUU8;Q08AM6-2,2.49391819451174,2.19377276142052,0.000449940372279539,0.0816277383466446,other
TOP2A,XRCC5,ENSG00000131747,ENSG00000079246,P13010;C9JZ81,5.14960908256913,2.81867804015648,0.0203616287982053,4.27521622433815,other
TOP2A,XRCC6,ENSG00000131747,ENSG00000196419,P12956;B1AHC9;P12956-2,4.78795077988992,2.41052739107599,0.021326962713014,5.13184346472978,other
TOP2A,YTHDF3,ENSG00000131747,ENSG00000185728,A0A024R7W5;A0A087X0Q1;A0A087WY31;Q7Z739,4.43215036470115,2.38790733374554,0.000305748050216468,0.909888822589986,other
TOP2A,ZNF451,ENSG00000131747,ENSG00000112200,E9PH99;Q9Y4E5-2;Q9Y4E5;D6RIA1,28.0408264983233,8.96585047623215,0.0420232315656028,0.0207914650228754,other
